price,area,bedrooms,bathrooms,stories,mainroad,guestroom,basement,hotwaterheating,airconditioning,parking,prefarea,furnishingstatus
3045401,5838,6,5,3,yes,yes,yes,yes,yes,3,yes,furnished
1101165,2391,1,2,1,yes,no,yes,no,no,0,yes,unfurnished
1839002,3387,4,3,2,no,yes,yes,no,yes,2,no,unfurnished
991642,955,2,2,1,no,yes,no,no,yes,0,yes,unfurnished
1330282,2970,2,1,1,no,no,no,no,yes,2,no,furnished
2056668,2787,4,5,1,yes,yes,yes,no,no,2,yes,unfurnished
628959,1058,1,1,3,no,no,yes,yes,no,1,no,semi-furnished
2213812,4358,4,4,2,yes,no,no,no,no,1,yes,unfurnished
714929,1344,1,1,2,yes,no,yes,no,no,3,no,unfurnished
1495499,1538,2,3,3,no,yes,no,no,yes,3,yes,unfurnished
1561365,2757,4,3,1,no,yes,yes,no,yes,0,no,semi-furnished
885829,1516,1,1,2,yes,yes,yes,yes,no,0,yes,furnished
2477094,4493,6,5,3,no,yes,yes,no,no,2,no,unfurnished
794048,1591,1,1,1,no,yes,yes,yes,yes,0,yes,furnished
474174,857,1,1,2,no,no,yes,yes,no,1,no,semi-furnished
1047856,1372,1,2,4,no,no,no,no,yes,0,yes,semi-furnished
1617981,3379,3,2,2,yes,no,yes,no,yes,2,no,furnished
2566530,4230,6,5,1,yes,yes,yes,yes,no,3,no,furnished
762180,1080,1,1,1,no,no,no,no,no,3,yes,furnished
1056902,2383,1,2,1,no,yes,yes,no,yes,0,yes,furnished
2758865,5474,5,6,2,no,yes,yes,yes,yes,3,no,semi-furnished
1458725,3173,2,2,4,yes,no,no,no,yes,0,no,unfurnished
960287,1419,1,2,2,no,yes,no,yes,yes,2,no,furnished
2972860,5050,7,6,1,no,yes,yes,no,yes,0,yes,semi-furnished
2681277,5554,5,6,3,yes,no,no,no,yes,0,no,semi-furnished
712664,629,1,1,3,yes,no,no,yes,yes,0,yes,unfurnished
2251119,3624,5,6,2,no,yes,yes,no,no,0,no,furnished
1999005,2644,4,3,3,no,yes,yes,yes,yes,3,yes,furnished
2288445,3321,4,5,2,no,yes,yes,no,yes,3,yes,furnished
1801680,3464,4,3,2,yes,yes,no,no,no,0,no,semi-furnished
2613058,4773,5,6,3,yes,yes,no,yes,no,0,yes,unfurnished
2578731,3431,5,5,4,yes,no,yes,no,yes,3,yes,unfurnished
1221289,2214,2,2,1,no,no,yes,no,no,3,no,semi-furnished
1509058,3022,4,3,2,no,no,yes,no,no,0,no,semi-furnished
2616902,4121,6,6,3,no,no,no,yes,no,1,yes,semi-furnished
3405854,5785,8,6,1,yes,no,yes,yes,yes,0,yes,furnished
3110709,5607,6,6,4,yes,no,no,no,yes,1,yes,furnished
1331163,2392,1,2,4,yes,yes,yes,no,yes,3,no,semi-furnished
2685016,4735,5,6,4,yes,no,no,no,yes,2,no,unfurnished
1673230,2849,3,2,3,yes,no,no,no,yes,1,yes,furnished
1195279,1851,3,2,1,no,no,no,no,no,0,yes,semi-furnished
3016640,5384,7,6,4,no,yes,no,no,no,3,yes,semi-furnished
1595461,2835,3,3,1,no,no,no,yes,no,1,yes,semi-furnished
2965625,5223,7,6,1,no,yes,no,yes,yes,2,no,semi-furnished
2257098,4324,5,5,4,no,no,no,yes,no,0,yes,semi-furnished
3231994,5925,6,6,1,yes,yes,yes,yes,yes,1,yes,semi-furnished
1023391,1537,2,1,4,no,no,yes,yes,yes,2,yes,unfurnished
2098666,3155,4,5,4,no,yes,yes,yes,yes,2,yes,unfurnished
2186534,3444,5,5,3,yes,no,yes,no,no,0,no,semi-furnished
2458598,4366,6,5,4,yes,no,no,no,no,2,no,furnished
1302135,2884,3,2,4,no,no,yes,no,no,1,no,furnished
1743684,2716,3,3,3,yes,yes,yes,yes,no,3,yes,unfurnished
3232831,5891,8,6,4,yes,yes,no,yes,no,1,no,unfurnished
1933769,3623,4,5,3,no,no,no,no,no,2,no,furnished
1041493,2177,2,1,2,yes,yes,no,no,no,0,yes,semi-furnished
1553295,3556,3,3,1,yes,no,yes,yes,no,1,no,furnished
2899403,5302,6,6,4,no,no,yes,yes,no,3,yes,furnished
2389311,4628,4,5,1,yes,yes,no,yes,yes,0,no,unfurnished
2873855,5666,6,6,4,no,no,no,no,no,0,yes,furnished
1459754,2328,2,3,1,yes,yes,yes,yes,yes,0,no,semi-furnished
3008129,5464,6,6,1,yes,no,no,no,yes,1,no,unfurnished
1265934,2220,2,1,2,yes,no,yes,yes,yes,1,no,unfurnished
2797609,5262,6,6,1,no,no,no,no,no,3,yes,unfurnished
2671063,4139,6,6,3,yes,yes,yes,yes,no,0,yes,semi-furnished
3114331,5937,7,6,2,no,no,yes,no,no,3,no,semi-furnished
566824,1456,1,1,4,no,no,no,yes,no,0,no,semi-furnished
822181,1549,1,2,1,no,no,yes,yes,no,3,no,furnished
1615244,2787,4,3,3,no,no,yes,yes,yes,1,no,unfurnished
2698804,5124,6,5,2,yes,no,yes,yes,no,2,no,semi-furnished
2054277,4468,4,4,2,no,yes,yes,yes,no,3,no,unfurnished
636132,621,1,2,3,no,yes,no,no,no,2,no,semi-furnished
1447022,2145,3,2,4,yes,no,yes,no,no,3,no,unfurnished
993926,1846,2,1,2,no,yes,no,yes,no,0,yes,semi-furnished
664930,1864,1,1,3,no,no,yes,no,no,2,no,unfurnished
3066943,5658,6,5,3,yes,yes,no,yes,yes,3,yes,unfurnished
749389,837,1,1,1,no,no,no,no,yes,1,no,unfurnished
960432,2075,1,1,1,no,yes,no,yes,yes,3,no,semi-furnished
593903,676,1,1,2,yes,no,no,no,no,2,no,semi-furnished
2033534,3751,4,3,2,no,no,no,no,yes,3,no,furnished
1185650,1001,2,3,4,no,yes,no,yes,yes,2,yes,unfurnished
3262121,5740,8,6,3,no,yes,no,yes,yes,2,no,unfurnished
826579,2038,1,1,3,no,yes,no,no,no,2,yes,semi-furnished
831917,1753,1,2,4,no,yes,no,yes,no,0,no,semi-furnished
1916164,2747,4,4,3,yes,yes,no,yes,no,1,yes,unfurnished
1944414,3075,4,4,1,yes,yes,yes,no,no,0,yes,furnished
1128932,1711,2,2,3,no,yes,no,yes,no,3,no,furnished
1564057,3635,3,3,4,yes,no,yes,no,no,0,no,semi-furnished
1132305,1600,2,1,2,yes,yes,no,yes,yes,1,yes,unfurnished
2795832,5403,5,4,3,yes,yes,no,yes,yes,2,yes,furnished
696332,811,1,1,3,yes,no,yes,yes,no,0,yes,unfurnished
2646347,4909,5,6,1,no,no,no,yes,no,1,yes,unfurnished
2867958,4871,6,6,1,yes,no,no,no,yes,3,no,furnished
2196807,3238,5,4,1,yes,no,no,no,no,3,no,furnished
1227923,1537,2,3,2,no,no,yes,no,no,3,no,semi-furnished
851253,1378,1,1,3,no,no,yes,no,yes,0,yes,furnished
1073866,1391,2,3,3,yes,yes,no,yes,no,2,no,unfurnished
1908433,2956,4,4,3,yes,yes,yes,no,yes,0,no,unfurnished
959398,1541,1,2,2,no,yes,no,yes,yes,2,no,semi-furnished
826363,650,1,1,4,yes,yes,yes,yes,yes,3,no,semi-furnished
1253543,1889,2,2,3,yes,yes,yes,yes,yes,0,no,semi-furnished
2600930,4073,5,6,4,no,no,yes,yes,no,3,yes,semi-furnished
2888415,5458,6,6,3,yes,yes,no,yes,yes,1,no,furnished
1911206,2693,3,3,1,yes,no,no,yes,yes,3,yes,unfurnished
1707989,3501,3,3,1,no,yes,no,yes,no,3,no,unfurnished
2067563,4021,5,4,4,yes,no,yes,no,no,0,no,furnished
2656416,4169,6,6,1,no,no,no,yes,no,1,yes,unfurnished
1131601,1534,2,3,2,no,no,yes,yes,yes,1,no,furnished
2754020,5534,5,6,1,yes,no,no,no,no,2,yes,semi-furnished
2384293,4441,5,6,3,no,yes,no,yes,no,3,no,furnished
1851147,3620,4,3,1,no,no,yes,no,yes,2,no,unfurnished
886820,1106,1,1,3,yes,yes,yes,yes,no,3,yes,semi-furnished
1874782,2917,3,3,3,yes,no,yes,no,yes,3,no,semi-furnished
3362558,5978,8,6,3,yes,yes,no,no,no,1,yes,semi-furnished
2372883,3685,5,5,2,yes,no,no,yes,no,2,yes,furnished
2303694,4583,4,3,2,yes,yes,no,yes,yes,2,yes,unfurnished
973023,1863,1,1,2,no,yes,no,no,yes,3,no,unfurnished
1601150,2516,4,3,3,no,yes,no,no,no,2,no,unfurnished
1827244,4029,4,3,2,no,yes,no,no,yes,0,no,furnished
1494048,2834,3,4,2,no,yes,yes,no,no,0,no,furnished
2164230,4712,5,4,4,yes,no,yes,yes,no,0,no,furnished
898205,913,1,1,2,no,no,yes,yes,yes,2,yes,furnished
3088926,5587,7,6,1,no,yes,no,yes,yes,1,no,unfurnished
1941516,4344,4,3,4,yes,yes,yes,no,no,0,no,furnished
1938652,4012,4,5,1,no,yes,yes,no,no,0,no,semi-furnished
747838,733,1,1,3,yes,yes,no,yes,yes,2,no,unfurnished
2644065,4406,6,6,2,yes,yes,no,yes,no,1,yes,furnished
1760312,3185,3,4,4,no,no,yes,yes,no,2,yes,unfurnished
1436965,2838,2,2,4,no,no,no,no,yes,3,no,semi-furnished
1504376,2784,2,3,4,yes,no,yes,no,no,0,yes,semi-furnished
1821413,3021,3,3,4,yes,no,no,no,yes,2,no,semi-furnished
714284,1069,1,2,4,no,yes,yes,yes,no,0,yes,furnished
3185395,5885,7,6,4,yes,yes,no,no,no,3,yes,unfurnished
2789530,4937,6,6,3,no,yes,yes,yes,yes,3,no,unfurnished
1839180,2744,3,4,4,yes,no,no,yes,yes,1,yes,semi-furnished
2173063,4246,4,5,3,no,yes,no,no,yes,1,no,unfurnished
757998,1594,1,1,2,no,yes,no,no,no,1,yes,furnished
2293266,3861,5,6,4,no,no,yes,yes,no,0,no,semi-furnished
2875423,4838,6,5,2,yes,no,yes,yes,yes,2,yes,furnished
1958491,2447,3,4,3,yes,no,yes,no,yes,2,yes,unfurnished
1541842,1981,3,4,2,yes,no,yes,yes,yes,0,no,unfurnished
2840609,5286,6,6,1,no,no,no,no,yes,3,no,semi-furnished
756736,1090,1,1,4,no,no,yes,no,yes,2,no,unfurnished
1751258,3866,3,3,1,no,yes,no,yes,no,3,yes,furnished
824892,1014,1,1,4,yes,yes,no,no,yes,1,no,unfurnished
2687055,4685,5,5,1,yes,no,no,yes,yes,2,yes,furnished
2753648,4654,6,6,4,no,yes,yes,no,yes,2,no,semi-furnished
639944,970,1,1,2,no,no,yes,no,no,2,yes,furnished
2175984,3826,4,4,3,yes,yes,no,yes,yes,0,yes,unfurnished
2710018,4480,6,6,2,yes,no,no,yes,no,2,no,unfurnished
2943166,4960,6,6,3,no,yes,no,no,yes,3,no,unfurnished
3089210,5754,6,6,4,no,yes,yes,no,yes,3,yes,unfurnished
967888,858,2,3,1,yes,yes,no,no,no,1,no,unfurnished
2503478,3961,5,6,4,yes,yes,yes,no,no,3,no,furnished
2759820,4967,6,6,3,no,no,yes,yes,no,2,yes,semi-furnished
1384114,2298,3,4,4,no,no,no,no,no,0,no,semi-furnished
1034895,1799,2,1,3,yes,no,no,no,no,1,yes,unfurnished
3185064,5204,7,6,2,yes,yes,yes,yes,yes,1,yes,furnished
2349092,3305,5,5,1,yes,yes,yes,no,no,3,yes,semi-furnished
1737680,2938,4,3,1,yes,yes,yes,no,yes,0,no,semi-furnished
1105324,2971,2,1,3,yes,no,no,no,no,1,no,semi-furnished
831398,1522,1,1,4,no,yes,yes,no,no,1,yes,unfurnished
2257570,3921,4,5,3,yes,no,yes,yes,yes,3,no,furnished
1527536,2736,3,2,4,no,no,no,yes,no,2,yes,furnished
797592,1568,1,1,2,no,no,yes,no,no,1,yes,furnished
1391613,1854,2,3,3,no,no,yes,yes,yes,3,no,furnished
1047211,1519,1,2,2,yes,yes,no,no,yes,1,no,furnished
1795610,4249,4,4,2,no,no,yes,no,no,0,no,semi-furnished
1596482,2385,3,2,1,no,no,yes,yes,yes,3,yes,semi-furnished
924485,2074,1,2,4,no,no,no,no,no,0,yes,unfurnished
972205,1571,1,2,4,yes,yes,yes,yes,no,3,no,unfurnished
1510603,2481,2,2,3,yes,no,yes,yes,yes,3,yes,furnished
874135,1151,1,2,1,no,yes,yes,yes,no,3,yes,unfurnished
879934,1062,1,2,3,yes,no,no,yes,no,1,yes,semi-furnished
1262836,2854,2,3,2,no,no,yes,no,no,2,no,semi-furnished
1436169,3056,3,2,4,yes,yes,no,yes,no,0,no,semi-furnished
2599325,4941,5,5,2,no,yes,no,yes,no,2,yes,unfurnished
762819,2160,1,1,4,yes,yes,yes,yes,no,1,no,semi-furnished
1132524,2335,1,2,1,no,yes,yes,no,yes,2,no,semi-furnished
3011958,4971,7,6,3,no,no,no,no,yes,3,no,furnished
1539638,3163,3,2,2,yes,yes,no,no,no,1,yes,semi-furnished
1934669,3711,5,4,4,no,no,no,no,no,1,no,furnished
2819240,5077,6,5,1,yes,yes,yes,yes,no,1,yes,furnished
705044,1837,1,1,4,no,yes,no,no,yes,0,no,furnished
3190951,4936,7,6,3,yes,no,yes,yes,yes,1,yes,furnished
2803477,4912,6,6,3,no,yes,no,no,no,1,yes,semi-furnished
1101727,1260,2,3,1,yes,no,no,no,no,0,yes,unfurnished
949278,1277,1,1,3,yes,yes,yes,yes,no,2,yes,furnished
2233865,2896,4,5,1,yes,no,yes,yes,yes,3,yes,semi-furnished
2540275,5219,5,6,4,no,no,yes,yes,no,0,yes,semi-furnished
708375,1222,1,2,4,no,yes,no,no,no,1,no,unfurnished
2551221,4137,4,5,4,yes,no,yes,yes,yes,2,yes,semi-furnished
3062142,5792,6,6,4,no,no,yes,yes,yes,2,no,semi-furnished
1390905,2809,2,1,1,yes,no,no,no,yes,0,yes,semi-furnished
1111764,1362,2,3,3,no,yes,no,no,no,0,yes,unfurnished
1501967,1989,3,3,2,yes,no,no,no,no,1,yes,furnished
1460317,2860,3,3,4,yes,no,no,yes,no,1,no,furnished
1255228,3095,2,2,3,no,no,no,no,no,1,no,semi-furnished
1247105,2245,2,2,2,no,no,no,no,yes,2,no,semi-furnished
2022617,3590,3,4,2,yes,yes,no,yes,no,2,yes,semi-furnished
2219828,4690,4,5,3,yes,no,yes,no,no,0,no,unfurnished
3167029,5369,6,6,4,yes,no,yes,yes,yes,2,yes,unfurnished
1348943,962,2,3,4,no,no,yes,yes,yes,2,yes,unfurnished
2990226,4849,7,6,2,no,no,no,no,yes,2,yes,semi-furnished
1458423,3020,3,2,1,yes,no,no,no,no,1,no,semi-furnished
770488,1399,1,2,4,no,yes,no,yes,yes,0,no,unfurnished
1678177,1946,3,2,2,yes,no,no,no,yes,3,yes,furnished
3414337,5984,7,6,1,yes,no,no,no,yes,1,yes,semi-furnished
987698,1112,2,1,2,no,no,yes,no,yes,2,no,unfurnished
2105173,3167,4,4,4,yes,no,no,no,yes,2,yes,unfurnished
1410287,3165,2,1,3,yes,yes,no,yes,no,3,yes,unfurnished
2125753,4065,4,4,2,yes,no,no,yes,yes,2,no,unfurnished
1691224,3541,3,3,2,yes,no,no,no,no,3,no,semi-furnished
844506,1277,2,1,2,no,yes,no,yes,no,1,no,unfurnished
2751195,4657,6,6,1,yes,no,no,yes,no,1,no,furnished
2955080,5954,6,6,1,no,no,no,yes,no,0,yes,furnished
3186114,5416,7,6,4,yes,yes,yes,yes,yes,2,no,unfurnished
999482,1979,2,3,3,no,no,yes,yes,no,0,no,unfurnished
793456,1687,1,1,3,yes,no,no,yes,no,3,no,semi-furnished
2936301,5790,6,6,3,no,no,no,no,yes,0,no,unfurnished
1859594,3534,3,4,4,yes,no,yes,no,no,2,no,semi-furnished
2615800,5334,5,6,4,no,yes,yes,yes,no,0,yes,furnished
2258496,4339,4,4,2,yes,no,yes,no,yes,2,no,furnished
2805131,5915,6,5,4,no,yes,no,yes,yes,0,yes,semi-furnished
1153677,1687,3,2,4,yes,yes,no,yes,no,1,no,furnished
2250347,3738,3,4,1,yes,no,no,no,yes,3,yes,unfurnished
1081324,1770,1,2,1,yes,no,no,yes,yes,3,no,furnished
991209,1423,1,1,4,no,no,no,yes,yes,2,yes,furnished
3163871,5523,7,6,3,yes,no,yes,yes,no,2,yes,furnished
1860204,3761,3,2,4,yes,yes,no,no,yes,3,no,semi-furnished
1057801,2015,2,1,1,yes,yes,no,yes,yes,0,no,unfurnished
3038855,5749,8,6,4,no,no,yes,yes,no,0,no,furnished
1131417,2264,1,2,3,no,yes,no,no,yes,0,yes,furnished
979886,1550,1,2,1,no,yes,yes,yes,yes,0,yes,semi-furnished
2920418,4884,7,6,3,yes,no,yes,no,yes,0,no,semi-furnished
2297257,4891,5,5,1,no,no,no,yes,no,1,no,furnished
1219955,1442,2,3,1,yes,yes,yes,yes,yes,0,no,semi-furnished
966949,1829,1,1,4,yes,no,yes,no,no,2,yes,unfurnished
1379839,1578,2,3,1,yes,yes,yes,no,yes,3,no,semi-furnished
1154591,1307,2,2,1,no,yes,no,no,yes,3,no,unfurnished
1746383,2200,3,4,2,yes,yes,no,yes,yes,2,yes,semi-furnished
3090474,5984,7,6,3,yes,yes,yes,no,no,0,yes,unfurnished
1034010,1362,1,1,4,no,no,yes,yes,yes,3,yes,unfurnished
811091,1110,1,2,2,yes,no,no,no,no,2,no,semi-furnished
1103990,2513,2,1,2,yes,yes,yes,yes,no,3,no,semi-furnished
2730882,4990,6,5,4,no,no,no,yes,yes,1,no,unfurnished
2323138,5542,5,4,3,yes,yes,yes,no,no,0,no,semi-furnished
777986,854,1,1,2,yes,no,yes,yes,yes,0,yes,furnished
1397053,2223,2,2,1,no,yes,yes,yes,yes,3,yes,furnished
1001324,1603,1,1,1,yes,no,no,no,yes,3,no,furnished
920015,2358,1,1,3,no,yes,yes,yes,no,3,no,unfurnished
960562,1099,1,1,4,yes,no,yes,yes,yes,3,no,semi-furnished
2427959,4570,5,6,3,no,no,yes,yes,no,1,yes,semi-furnished
2695342,4464,6,6,2,yes,yes,yes,yes,no,0,yes,unfurnished
1552096,3506,3,2,2,no,no,yes,no,yes,1,no,unfurnished
889652,2038,2,1,1,yes,yes,yes,yes,no,0,no,unfurnished
1158174,1668,2,3,2,no,yes,yes,yes,yes,0,no,furnished
2206583,3840,5,4,3,no,no,yes,yes,no,3,no,furnished
2927011,5203,7,6,3,yes,yes,no,no,no,1,yes,unfurnished
2692956,5292,6,6,1,yes,no,yes,yes,no,1,no,unfurnished
1506591,2549,3,3,2,yes,no,no,yes,no,1,yes,unfurnished
2026853,3471,4,3,1,yes,no,no,no,yes,3,no,semi-furnished
2901593,5073,6,5,4,yes,yes,no,yes,yes,2,yes,semi-furnished
923606,1457,1,1,2,no,yes,yes,yes,no,3,yes,semi-furnished
1584979,1951,3,3,2,yes,yes,no,yes,yes,3,no,unfurnished
993694,3036,2,1,1,no,no,yes,yes,no,0,no,furnished
3080432,5720,8,6,2,yes,yes,yes,yes,no,0,no,furnished
2055776,3856,4,4,3,yes,no,yes,no,no,2,yes,semi-furnished
1614604,2756,3,3,3,yes,no,yes,yes,yes,0,no,unfurnished
2804830,5431,5,6,1,no,no,no,yes,no,2,yes,semi-furnished
1300105,884,2,3,2,yes,no,yes,yes,yes,1,yes,furnished
1198872,1241,2,2,2,yes,no,no,yes,yes,3,no,unfurnished
1841634,2862,4,4,1,no,yes,no,yes,yes,0,yes,unfurnished
1797450,2943,4,4,4,no,no,no,no,yes,1,no,semi-furnished
3294823,5664,8,6,4,yes,no,no,yes,yes,3,no,semi-furnished
1977110,3367,4,4,3,no,yes,yes,yes,no,3,no,semi-furnished
2654193,4014,6,6,1,yes,no,yes,no,no,2,yes,unfurnished
1034315,1137,1,2,4,yes,yes,yes,yes,yes,0,yes,furnished
920652,1014,1,2,2,no,no,no,no,yes,0,yes,semi-furnished
2816895,5466,6,5,4,no,no,yes,no,yes,2,yes,semi-furnished
1407824,1934,3,2,2,yes,yes,no,no,yes,0,no,furnished
1160442,2018,3,2,2,no,no,no,no,no,2,no,semi-furnished
2404294,4423,5,6,4,yes,yes,no,no,no,0,no,furnished
1779297,2864,4,4,3,no,no,yes,yes,yes,0,no,unfurnished
1264740,1746,3,2,4,no,no,no,no,no,0,yes,semi-furnished
1780007,2421,4,5,4,no,no,yes,yes,no,0,no,furnished
1986674,2718,4,5,2,no,yes,yes,no,yes,2,no,semi-furnished
1892172,2734,4,4,4,yes,no,yes,yes,no,1,yes,unfurnished
3016808,4940,6,6,1,yes,yes,yes,no,no,3,yes,semi-furnished
1064928,2077,1,1,3,yes,no,yes,yes,no,2,yes,furnished
1121387,1897,2,1,2,no,no,no,no,no,3,yes,furnished
1395738,2233,3,3,1,no,yes,yes,yes,yes,1,no,semi-furnished
1029415,1441,1,2,3,yes,yes,yes,no,no,3,no,semi-furnished
1407713,1696,2,2,3,yes,yes,no,yes,yes,1,yes,furnished
728561,779,1,2,2,yes,no,yes,no,no,0,yes,unfurnished
2973960,5954,6,5,1,no,no,no,yes,no,3,yes,furnished
2885196,5763,6,6,4,yes,no,yes,no,yes,0,no,furnished
2291976,4677,4,5,2,no,yes,no,no,no,1,yes,unfurnished
1828320,2301,3,3,3,yes,yes,yes,yes,yes,3,yes,furnished
1144317,1214,2,3,1,no,yes,no,no,no,3,yes,furnished
799863,923,1,1,3,no,yes,yes,yes,yes,1,yes,semi-furnished
2574413,4185,6,6,1,no,no,yes,yes,no,3,no,semi-furnished
2810896,4517,5,6,2,yes,yes,yes,yes,yes,3,no,unfurnished
1916071,4189,4,5,4,no,yes,yes,no,no,0,no,semi-furnished
865227,1118,1,2,3,yes,yes,no,yes,no,1,no,semi-furnished
3086868,5854,7,6,1,yes,yes,no,no,yes,0,no,semi-furnished
1786467,3310,4,3,2,no,no,yes,yes,no,3,no,furnished
2479444,4262,5,4,4,yes,yes,no,no,yes,0,yes,unfurnished
3230425,5822,7,6,2,no,no,no,yes,yes,3,no,unfurnished
2889061,5514,6,6,3,no,yes,yes,yes,yes,2,no,unfurnished
2786839,5086,7,6,1,yes,yes,no,yes,no,0,no,unfurnished
844381,2136,1,1,2,no,yes,no,yes,no,0,yes,semi-furnished
3152574,5994,8,6,2,no,yes,yes,no,no,1,yes,unfurnished
735602,1448,1,2,3,no,no,yes,no,no,2,no,semi-furnished
1311996,1731,2,3,3,no,yes,yes,yes,no,2,yes,unfurnished
1647990,2056,3,4,3,yes,no,no,no,no,3,yes,unfurnished
866295,807,1,1,1,yes,yes,no,yes,no,2,yes,furnished
1377253,3017,2,3,1,no,no,yes,yes,no,1,no,unfurnished
1001834,984,1,1,4,no,yes,yes,no,yes,3,yes,unfurnished
3337601,5905,7,6,2,yes,no,no,yes,yes,1,yes,unfurnished
689900,1577,1,1,4,no,no,yes,yes,no,0,no,semi-furnished
1162713,1868,1,1,3,yes,no,no,no,yes,2,yes,furnished
905398,1158,2,1,4,no,yes,no,yes,yes,2,no,semi-furnished
1814151,2389,3,4,4,yes,yes,no,no,yes,1,yes,unfurnished
1480785,3724,3,3,3,no,yes,no,no,no,0,no,unfurnished
2421289,3224,5,4,1,yes,yes,yes,yes,yes,3,yes,furnished
2635736,4165,6,5,2,yes,no,no,yes,yes,0,yes,furnished
2602885,5171,5,6,2,no,no,no,no,no,3,no,furnished
1087154,1569,2,1,1,yes,yes,no,yes,no,2,yes,semi-furnished
2217867,3724,4,5,1,no,yes,yes,yes,no,2,yes,semi-furnished
3447621,5907,7,6,2,yes,yes,yes,no,yes,2,yes,unfurnished
1893592,3416,3,3,2,yes,yes,yes,no,yes,0,yes,unfurnished
1011710,1045,2,2,1,no,yes,no,yes,yes,3,no,semi-furnished
2877556,5969,6,5,3,yes,yes,no,no,no,2,no,unfurnished
1576578,1848,3,4,3,no,no,yes,yes,no,1,yes,unfurnished
3117437,5849,7,6,3,yes,no,no,no,no,2,no,semi-furnished
1043957,1491,1,2,1,no,yes,yes,no,yes,0,yes,unfurnished
1268460,855,2,3,4,yes,yes,no,no,yes,2,no,furnished
1273901,2983,2,2,1,no,no,yes,yes,yes,1,no,furnished
2929865,5239,7,6,2,no,no,yes,yes,no,1,yes,semi-furnished
1397540,2517,2,3,2,no,no,no,no,yes,0,no,furnished
3082143,4871,7,6,3,yes,no,no,no,yes,2,no,furnished
2225003,3924,4,4,4,no,yes,yes,no,yes,1,yes,unfurnished
1389007,2900,2,1,2,yes,no,yes,yes,no,2,yes,semi-furnished
2448346,4522,5,4,2,no,yes,yes,yes,yes,1,yes,unfurnished
1123535,921,2,1,1,yes,no,yes,no,yes,2,yes,furnished
2878617,5568,6,6,2,yes,no,yes,yes,no,1,no,semi-furnished
2604084,5438,5,4,4,no,yes,yes,yes,yes,3,yes,unfurnished
1390927,2053,2,3,1,yes,yes,no,yes,yes,3,no,semi-furnished
2611172,4940,6,5,4,no,no,yes,no,yes,2,no,furnished
1879449,2920,4,5,4,no,yes,yes,yes,yes,0,no,unfurnished
1637850,3187,3,3,1,yes,no,no,no,no,2,no,unfurnished
1254433,2268,2,3,4,yes,no,no,no,no,2,no,unfurnished
2972001,6000,6,6,2,no,yes,yes,yes,no,2,yes,furnished
2705273,5809,6,5,2,no,no,yes,yes,no,1,no,furnished
909450,909,2,2,4,no,yes,yes,no,no,0,yes,unfurnished
1424269,2942,2,1,2,yes,yes,no,yes,yes,1,yes,semi-furnished
2187882,3492,5,5,4,yes,yes,yes,yes,no,2,no,semi-furnished
2582733,5567,5,5,4,yes,no,yes,no,yes,0,no,semi-furnished
2591889,4804,6,6,3,no,no,no,yes,no,3,no,unfurnished
2137675,4548,4,4,1,no,yes,yes,no,no,2,yes,unfurnished
1404476,2633,3,2,4,no,yes,yes,no,no,2,yes,unfurnished
1492916,2097,3,4,2,no,yes,yes,yes,no,1,yes,furnished
3222744,5667,7,6,1,yes,yes,no,yes,yes,3,no,unfurnished
2795699,4633,6,6,4,yes,no,no,yes,yes,0,no,semi-furnished
921127,866,2,2,4,yes,no,yes,no,no,0,yes,unfurnished
2187380,3708,5,4,3,no,no,yes,no,yes,2,no,unfurnished
1757251,3597,3,3,4,yes,no,no,no,no,2,no,furnished
1490523,1674,3,4,2,yes,no,yes,no,no,1,yes,unfurnished
1961265,4474,4,3,4,no,yes,no,no,no,2,yes,semi-furnished
814983,1938,1,1,3,no,yes,no,no,no,2,no,unfurnished
1461789,2711,3,2,4,yes,no,yes,yes,no,2,no,unfurnished
2807253,4593,6,6,1,no,no,no,yes,yes,2,no,unfurnished
2769749,5282,6,5,1,yes,no,yes,no,no,2,no,unfurnished
2106987,3839,4,4,3,no,no,yes,yes,yes,1,yes,unfurnished
717723,1255,1,1,4,yes,yes,yes,no,yes,0,no,unfurnished
984318,1451,1,2,2,yes,no,no,yes,yes,2,no,unfurnished
1324377,1675,3,2,1,yes,no,no,no,no,2,no,furnished
2568947,5017,5,6,4,no,no,no,no,yes,0,no,semi-furnished
2124636,3976,4,3,3,yes,yes,yes,no,no,3,yes,unfurnished
2356948,4508,5,4,4,no,yes,yes,no,yes,3,no,semi-furnished
1448649,1937,3,4,4,no,yes,no,yes,no,1,no,semi-furnished
3045884,4957,6,6,2,yes,yes,yes,no,yes,3,no,semi-furnished
3028958,5701,7,6,3,yes,yes,yes,yes,yes,0,no,semi-furnished
2685031,4191,6,5,2,yes,yes,yes,no,yes,2,no,semi-furnished
2198806,3642,4,5,1,no,yes,yes,yes,no,3,yes,unfurnished
986465,2087,1,1,4,yes,yes,yes,no,no,1,yes,furnished
1252571,1369,2,3,2,no,no,no,no,yes,0,yes,semi-furnished
3161777,5830,7,6,3,yes,yes,yes,yes,no,2,yes,furnished
2621070,5389,5,5,2,yes,yes,no,yes,no,0,yes,furnished
1235671,1348,2,3,3,yes,yes,no,yes,yes,1,no,furnished
3306557,5174,7,6,4,yes,yes,no,no,yes,2,yes,semi-furnished
2782354,4184,6,6,4,yes,yes,no,no,no,2,yes,furnished
1039016,1869,2,2,3,no,no,yes,no,yes,0,no,unfurnished
2036093,3227,5,4,4,yes,no,yes,no,no,3,no,furnished
3127820,4886,7,6,1,yes,yes,yes,yes,yes,3,yes,furnished
3068679,5277,7,6,4,no,yes,no,yes,yes,0,yes,unfurnished
706330,1255,1,2,1,no,no,no,yes,no,0,yes,semi-furnished
1393899,2368,3,2,1,yes,no,yes,yes,yes,1,no,unfurnished
3296844,5831,8,6,4,no,yes,yes,yes,no,2,yes,unfurnished
2456406,4229,5,5,3,no,no,no,no,yes,1,no,unfurnished
1521310,2681,3,3,4,no,yes,yes,no,yes,1,no,furnished
1214525,2417,2,2,1,no,yes,yes,yes,no,2,yes,furnished
2024585,3607,5,4,2,no,no,yes,no,yes,0,no,semi-furnished
2757008,4599,6,6,1,no,yes,no,yes,yes,2,no,semi-furnished
858575,1587,1,2,1,no,yes,no,yes,no,1,no,unfurnished
1161564,2408,2,1,4,no,yes,yes,no,no,3,yes,furnished
886296,1276,1,2,1,no,no,yes,no,no,1,yes,semi-furnished
1386054,2222,2,2,2,yes,yes,yes,no,no,2,yes,furnished
2013762,3988,4,4,3,yes,no,no,yes,no,1,no,unfurnished
3129692,5705,6,6,1,yes,yes,no,yes,yes,0,yes,furnished
1306654,1809,2,1,3,yes,no,no,no,yes,2,yes,unfurnished
1204752,2335,1,2,3,no,yes,yes,no,yes,2,yes,furnished
1488921,2244,3,4,3,yes,no,yes,yes,no,2,no,furnished
2009338,2996,4,4,2,no,yes,no,no,yes,1,yes,unfurnished
3104128,5193,7,6,1,yes,no,no,no,no,1,yes,semi-furnished
1916529,3482,4,5,3,yes,no,yes,no,no,0,no,furnished
2220513,3399,4,5,2,yes,no,yes,no,yes,1,no,semi-furnished
2065487,3297,4,5,2,yes,yes,yes,yes,no,1,no,furnished
2670380,5227,5,5,1,yes,yes,no,yes,yes,2,no,semi-furnished
2729866,4229,6,6,3,yes,yes,yes,yes,yes,0,no,unfurnished
2901160,5616,6,6,2,yes,yes,no,yes,no,1,no,unfurnished
1640081,3663,3,3,4,no,yes,yes,yes,yes,0,no,furnished
1909021,3983,3,4,2,yes,yes,yes,no,no,2,no,furnished
1990854,3916,3,4,4,no,no,yes,yes,no,3,yes,furnished
2742019,5006,6,6,1,no,yes,yes,no,no,3,no,semi-furnished
1371752,1963,2,2,1,yes,no,no,yes,yes,1,yes,semi-furnished
1907040,3249,4,3,2,no,yes,no,yes,no,2,yes,unfurnished
868028,1612,1,1,4,no,yes,no,yes,no,3,yes,furnished
3025980,5232,7,6,2,yes,yes,yes,no,no,2,no,semi-furnished
1093759,2080,1,1,2,yes,no,yes,no,no,3,yes,unfurnished
1433433,2548,2,3,4,no,no,no,yes,yes,1,no,unfurnished
2383050,5167,5,4,2,yes,yes,no,yes,yes,0,no,semi-furnished
704805,1001,1,1,2,yes,no,yes,no,no,0,yes,semi-furnished
2019884,3619,4,3,4,yes,no,no,yes,yes,2,no,unfurnished
2689188,4897,5,6,2,yes,yes,yes,no,no,3,no,semi-furnished
3076967,5311,7,6,2,no,no,no,yes,yes,2,yes,furnished
971214,796,1,2,1,yes,no,no,yes,no,2,yes,furnished
1518461,2248,3,3,3,yes,no,no,no,yes,0,no,semi-furnished
2927533,5260,7,6,2,yes,no,no,no,no,0,yes,semi-furnished
3052537,5738,7,6,3,no,no,yes,no,no,0,yes,unfurnished
1957690,3317,4,3,2,no,yes,no,no,yes,3,yes,unfurnished
1899159,3125,4,4,1,no,no,yes,no,yes,2,no,semi-furnished
2372570,4901,6,5,1,no,yes,yes,yes,no,0,no,unfurnished
1215526,2158,2,2,3,no,yes,yes,yes,yes,0,no,semi-furnished
2459623,4879,5,4,3,yes,yes,no,no,yes,0,no,furnished
1887403,3157,4,3,3,yes,yes,no,no,no,3,yes,semi-furnished
924379,1890,2,1,1,yes,yes,no,no,no,1,no,unfurnished
714643,2003,1,1,3,no,yes,yes,yes,no,0,yes,semi-furnished
639449,1305,1,1,2,no,no,no,no,yes,0,no,unfurnished
1122626,1361,2,2,1,no,no,no,no,yes,1,yes,unfurnished
2099335,3577,4,3,3,no,no,no,yes,yes,3,yes,semi-furnished
2038881,4378,4,4,3,yes,yes,no,yes,no,0,no,unfurnished
2623859,3883,5,5,2,yes,yes,no,no,yes,2,yes,unfurnished
2589179,4131,5,6,3,yes,yes,yes,no,yes,3,no,unfurnished
2050876,4247,4,4,4,yes,yes,no,no,no,0,yes,furnished
3037254,5357,7,6,2,yes,no,no,no,no,1,yes,unfurnished
1846689,3055,4,5,3,no,no,yes,yes,no,1,no,furnished
2447626,5096,5,4,3,yes,no,yes,yes,no,3,no,unfurnished
2012300,3926,4,4,2,yes,no,yes,yes,no,2,no,furnished
992054,1628,1,1,1,yes,yes,no,no,yes,0,yes,unfurnished
2781651,4335,6,6,4,yes,no,no,no,no,2,yes,furnished
2765980,5552,5,6,4,yes,no,no,no,yes,0,no,unfurnished
1259288,1527,2,2,1,yes,no,no,yes,yes,1,no,unfurnished
1175534,1239,2,3,3,yes,no,yes,no,no,3,no,semi-furnished
1496000,3013,3,2,1,no,no,yes,no,yes,0,no,unfurnished
721863,823,1,1,1,yes,yes,no,no,yes,2,no,semi-furnished
1071014,1513,2,1,2,no,no,yes,no,yes,3,yes,unfurnished
1615948,3408,3,2,2,no,no,no,yes,no,1,yes,unfurnished
1942278,3426,3,4,3,yes,yes,yes,no,no,3,no,semi-furnished
2621022,4962,5,5,4,no,no,yes,no,yes,2,no,semi-furnished
1990416,3186,4,5,1,yes,no,no,no,no,2,no,furnished
3165935,5960,8,6,4,yes,yes,no,yes,no,0,yes,furnished
1926611,3968,3,4,1,no,no,yes,no,no,1,yes,furnished
901843,1353,1,2,2,yes,yes,yes,yes,no,1,yes,unfurnished
1427854,2675,3,3,1,no,no,no,no,no,1,yes,semi-furnished
2225226,3735,4,4,1,no,no,yes,no,yes,3,yes,unfurnished
1470095,2061,3,3,1,yes,no,yes,yes,no,2,yes,furnished
1011422,1176,2,3,3,no,yes,no,yes,yes,0,no,semi-furnished
2244865,3301,4,5,1,no,no,no,no,yes,1,yes,semi-furnished
2339311,4549,4,5,3,no,no,no,yes,yes,2,no,furnished
1567746,2975,4,3,2,yes,no,yes,no,no,0,no,semi-furnished
3302642,5783,7,6,2,yes,yes,yes,yes,yes,3,no,furnished
2932090,5870,7,6,4,yes,yes,no,yes,no,0,no,furnished
3624182,5956,8,6,4,yes,yes,yes,yes,yes,3,yes,semi-furnished
1052266,975,1,2,2,yes,yes,yes,no,yes,3,yes,unfurnished
955766,1471,1,1,2,yes,yes,no,no,no,2,yes,unfurnished
2726833,5071,5,5,2,yes,yes,no,yes,yes,2,yes,semi-furnished
2124560,3630,5,4,4,yes,yes,yes,yes,no,1,yes,semi-furnished
655434,652,1,1,1,no,no,no,yes,yes,1,no,unfurnished
1787271,3975,3,2,1,yes,no,yes,no,no,3,yes,unfurnished
890076,2172,1,2,1,no,yes,no,yes,no,0,yes,furnished
2549175,4486,5,4,2,yes,yes,no,no,yes,3,no,semi-furnished
2172767,4312,4,3,1,yes,yes,yes,no,yes,0,yes,unfurnished
3165296,5455,7,6,4,yes,no,yes,yes,no,1,yes,furnished
1865493,3979,3,3,2,yes,no,no,yes,no,1,yes,unfurnished
1411898,2058,2,2,2,no,yes,no,no,yes,2,yes,furnished
2874679,5258,5,5,2,yes,no,no,no,yes,2,yes,semi-furnished
1622922,1884,3,4,2,yes,yes,no,no,yes,3,no,semi-furnished
2732638,4107,6,5,2,no,no,yes,yes,yes,3,yes,furnished
2343233,4730,4,4,4,no,yes,no,no,yes,0,yes,unfurnished
1687978,3931,3,2,3,no,yes,yes,yes,no,2,yes,unfurnished
3085002,5272,7,6,1,no,no,yes,no,yes,2,no,unfurnished
587980,611,1,1,4,no,yes,no,no,no,1,yes,unfurnished
944765,1049,2,3,3,yes,yes,no,no,no,0,no,semi-furnished
3653081,5909,8,6,1,yes,yes,no,yes,yes,3,yes,unfurnished
1431732,2446,3,3,3,no,no,yes,yes,no,2,no,semi-furnished
2351394,4914,5,5,3,no,no,yes,yes,no,0,yes,semi-furnished
1332352,2962,2,1,2,no,yes,yes,no,yes,1,yes,semi-furnished
2612515,5035,5,5,3,no,no,yes,no,yes,0,yes,furnished
2896739,5881,7,6,3,no,no,no,no,no,1,no,furnished
1612590,2457,3,3,3,yes,yes,no,no,no,1,yes,unfurnished
1145387,2936,2,1,2,yes,yes,yes,yes,no,1,no,semi-furnished
776513,2111,1,2,1,no,no,yes,no,no,1,no,furnished
1939340,3914,4,3,4,no,yes,yes,no,no,3,no,unfurnished
1460004,1804,3,4,4,no,yes,no,yes,yes,0,no,furnished
3080352,5658,6,6,3,yes,no,yes,yes,yes,2,yes,furnished
2909485,5010,6,6,1,no,yes,no,no,yes,2,no,furnished
2599342,4103,5,5,3,yes,no,no,no,no,3,yes,furnished
2682510,4239,6,6,4,no,yes,no,no,yes,0,yes,furnished
2768981,4488,6,6,1,no,yes,yes,no,no,3,yes,unfurnished
2419308,5252,5,4,2,no,no,no,yes,no,2,no,unfurnished
2180225,4396,4,3,1,yes,no,no,no,yes,2,no,furnished
2838567,5882,6,5,1,no,no,yes,no,no,3,no,unfurnished
2645339,4499,6,5,3,yes,no,yes,yes,yes,2,no,unfurnished
1545667,3527,3,2,3,no,no,no,yes,no,2,yes,unfurnished
2487301,5744,6,5,2,no,no,no,no,no,0,no,furnished
1447743,1721,3,3,3,no,no,no,yes,yes,1,yes,unfurnished
1497417,2143,3,4,1,no,no,yes,yes,yes,0,no,semi-furnished
1881995,3570,3,3,3,yes,no,yes,yes,yes,1,yes,unfurnished
1382712,3118,2,1,2,yes,no,yes,yes,yes,3,no,furnished
1009391,1483,1,2,1,no,yes,no,yes,yes,2,yes,furnished
2807309,5529,5,6,2,yes,no,yes,yes,yes,2,no,semi-furnished
2887314,4701,6,6,2,yes,yes,yes,yes,yes,2,yes,unfurnished
899610,1408,1,2,4,no,yes,no,yes,yes,2,no,semi-furnished
2541728,4812,5,5,1,no,yes,no,yes,yes,3,no,unfurnished
2915900,5164,7,6,1,no,no,yes,no,no,3,no,unfurnished
1769882,2450,4,4,3,no,yes,yes,no,no,1,yes,unfurnished
955169,1461,1,1,1,yes,yes,no,no,yes,1,yes,semi-furnished
1812055,3374,3,4,4,yes,yes,no,no,no,2,no,semi-furnished
2982103,5541,6,6,3,yes,no,yes,yes,no,3,no,furnished
1009404,1702,1,1,1,yes,no,yes,yes,no,2,yes,semi-furnished
2720193,5705,6,5,4,no,yes,no,no,no,2,no,unfurnished
670285,744,1,1,1,no,no,no,no,no,3,yes,furnished
3095753,5160,7,6,2,no,no,yes,no,no,3,yes,unfurnished
2728577,4618,6,6,4,no,yes,yes,no,no,3,no,unfurnished
1783539,3489,4,4,1,yes,yes,yes,no,no,0,no,semi-furnished
2426430,4107,5,5,4,no,yes,yes,yes,yes,2,yes,unfurnished
1479901,3097,2,2,2,yes,no,yes,no,no,3,no,furnished
2500675,4447,6,5,3,no,no,no,yes,no,0,yes,semi-furnished
2608748,4718,6,6,2,no,no,no,yes,no,0,yes,semi-furnished
673001,989,1,2,4,yes,yes,yes,no,no,0,no,semi-furnished
1785200,3445,3,4,3,no,no,no,yes,no,3,no,unfurnished
2736637,4312,6,6,2,yes,yes,no,yes,no,2,no,unfurnished
2935653,5734,6,6,2,no,no,yes,yes,yes,2,no,semi-furnished
1032171,1127,2,1,4,no,no,yes,no,yes,3,yes,furnished
966724,2172,1,1,3,no,no,no,no,yes,1,yes,semi-furnished
827534,838,1,1,2,yes,no,yes,yes,yes,2,no,furnished
2376270,3577,5,6,1,no,yes,yes,yes,yes,2,no,furnished
2634310,5513,5,5,3,no,yes,no,yes,yes,0,yes,furnished
2363987,4200,5,5,1,no,no,yes,no,no,3,yes,semi-furnished
2210636,3573,4,5,3,no,yes,yes,yes,yes,2,no,semi-furnished
2120927,3572,5,4,2,no,no,yes,no,no,2,yes,furnished
976198,2323,1,1,3,no,yes,no,yes,no,3,no,semi-furnished
2028989,4060,4,3,3,yes,no,no,no,no,0,yes,unfurnished
1424332,2105,3,3,2,yes,no,yes,no,no,0,yes,furnished
3114856,4830,7,6,2,no,no,no,no,yes,2,yes,unfurnished
1817355,3283,4,3,1,no,no,yes,no,no,1,yes,furnished
3294614,5901,8,6,2,yes,no,yes,no,yes,0,no,unfurnished
2652087,5518,6,5,1,no,yes,yes,yes,no,3,no,furnished
1005040,2264,1,1,3,no,no,yes,no,yes,1,no,unfurnished
1429984,2151,2,1,4,yes,yes,no,no,yes,3,yes,semi-furnished
3238911,5902,7,6,1,no,yes,no,no,yes,3,no,unfurnished
1208082,2699,2,1,1,yes,no,yes,no,no,0,yes,semi-furnished
2914385,5676,7,6,4,no,yes,yes,yes,no,1,no,semi-furnished
1018437,1680,1,1,4,yes,no,yes,no,yes,1,no,semi-furnished
2111878,3553,4,4,3,no,no,no,yes,no,3,yes,unfurnished
3351763,5815,7,6,2,yes,yes,yes,yes,yes,3,no,furnished
2385491,4426,5,4,4,yes,no,no,no,no,3,yes,unfurnished
950301,1612,2,1,2,no,yes,yes,no,yes,0,yes,semi-furnished
1611191,2616,3,4,1,no,yes,no,yes,no,2,yes,semi-furnished
862977,836,1,1,4,no,no,yes,no,yes,3,no,unfurnished
2173824,5262,5,4,1,no,no,yes,yes,no,0,no,semi-furnished
1500552,2566,3,2,1,yes,yes,no,no,no,1,yes,semi-furnished
2535760,4141,6,6,2,no,yes,no,yes,no,3,no,semi-furnished
2867746,5212,7,6,1,no,no,yes,no,no,0,yes,unfurnished
2280416,4397,6,5,2,no,yes,no,no,no,0,no,semi-furnished
1231048,1646,3,3,2,no,no,yes,yes,yes,0,no,semi-furnished
2886091,4406,6,6,3,no,no,yes,yes,yes,3,yes,furnished
585105,970,1,1,3,no,no,no,no,no,1,yes,furnished
2963714,5548,6,6,1,no,yes,yes,no,yes,0,yes,unfurnished
2726437,4369,6,6,4,no,no,no,no,yes,1,yes,furnished
1211763,1516,1,2,2,yes,yes,no,yes,yes,3,yes,furnished
2189117,4396,4,4,4,yes,yes,yes,yes,no,3,no,furnished
2644140,5394,5,4,3,no,yes,no,yes,yes,3,no,semi-furnished
2956185,5340,7,6,3,yes,no,no,no,no,1,yes,unfurnished
2514615,4057,6,6,1,no,no,no,yes,no,2,no,unfurnished
685511,770,1,1,2,no,no,no,yes,yes,2,no,furnished
2305753,3797,4,5,3,no,yes,yes,no,yes,3,yes,furnished
1436769,1880,3,3,1,no,no,no,yes,yes,0,yes,semi-furnished
2293065,3524,5,4,2,yes,yes,no,no,yes,1,yes,unfurnished
2552878,4584,5,5,3,yes,no,yes,yes,yes,3,no,furnished
3143921,5601,8,6,1,yes,yes,yes,yes,no,1,no,unfurnished
2575646,4744,5,6,1,yes,no,no,yes,yes,1,no,semi-furnished
1747068,2609,3,3,3,yes,yes,no,no,no,2,yes,furnished
2341447,4938,6,5,2,no,no,no,no,no,0,no,furnished
2638996,4838,5,4,3,no,no,yes,no,yes,3,yes,unfurnished
1130492,1836,3,2,3,no,no,no,no,no,0,no,unfurnished
1695424,1803,3,3,4,yes,no,no,no,yes,2,yes,furnished
2062740,3340,4,5,2,no,yes,yes,no,no,1,yes,furnished
2849867,5453,6,5,3,no,yes,yes,no,no,2,yes,furnished
3162589,5932,6,6,3,yes,no,no,yes,yes,2,no,semi-furnished
3229112,5292,7,6,4,yes,yes,no,yes,no,3,yes,furnished
2613084,4087,5,4,1,yes,no,yes,no,yes,3,yes,semi-furnished
2856568,4911,6,6,4,no,no,no,no,no,3,yes,furnished
1222198,1641,2,3,4,yes,yes,yes,no,no,0,yes,unfurnished
1121122,1572,2,2,1,yes,no,no,yes,yes,0,no,semi-furnished
1829017,3084,3,3,1,yes,yes,no,yes,no,2,yes,furnished
2113298,4604,4,3,3,yes,yes,no,no,no,3,no,semi-furnished
2584630,5561,5,4,4,no,no,yes,no,yes,3,no,furnished
2070049,3377,5,4,4,no,yes,yes,yes,no,0,yes,furnished
3181813,5038,7,6,2,no,yes,yes,yes,yes,2,yes,furnished
2688766,5347,6,5,3,no,yes,no,yes,no,3,yes,semi-furnished
2749815,4924,6,6,3,yes,yes,yes,yes,no,1,yes,semi-furnished
1259236,1863,2,2,2,yes,no,yes,yes,yes,2,no,furnished
1205294,1767,2,2,3,no,yes,yes,yes,yes,1,no,unfurnished
2717839,4732,5,4,3,yes,no,no,no,yes,3,yes,semi-furnished
1260379,2514,2,2,1,yes,yes,no,no,no,0,yes,furnished
2381262,5027,5,4,4,no,yes,yes,no,no,1,yes,furnished
1794466,2838,4,4,4,no,yes,no,yes,yes,0,no,furnished
952871,1607,1,2,3,no,yes,no,no,no,3,no,furnished
1657611,3234,4,3,4,no,yes,yes,yes,no,0,yes,unfurnished
2294750,3984,5,6,4,no,yes,yes,yes,no,0,no,semi-furnished
1770945,3532,4,3,1,yes,no,no,yes,no,0,yes,unfurnished
2146138,2903,4,5,3,yes,yes,no,yes,yes,3,no,furnished
2825455,4637,6,6,2,yes,yes,no,yes,no,3,yes,unfurnished
2989848,5234,7,6,2,yes,yes,yes,yes,no,1,no,furnished
663927,789,1,2,3,no,yes,no,yes,no,3,no,semi-furnished
2794823,4845,6,6,3,yes,yes,yes,no,no,3,no,furnished
1081394,2194,2,1,1,yes,no,yes,yes,yes,1,no,semi-furnished
3133524,5728,8,6,1,no,no,yes,no,no,1,yes,semi-furnished
1839311,3391,3,3,2,yes,no,yes,no,yes,0,yes,furnished
1714505,3166,4,3,2,yes,no,yes,no,no,0,yes,unfurnished
2644805,5181,5,5,4,no,yes,no,yes,yes,3,no,semi-furnished
3449387,5680,8,6,3,yes,no,no,yes,yes,0,yes,unfurnished
759092,1153,2,1,2,no,no,no,no,no,1,yes,furnished
613786,1095,1,1,4,no,no,yes,yes,no,2,no,semi-furnished
782639,666,1,2,2,yes,yes,yes,no,no,1,yes,unfurnished
767892,1160,1,1,4,no,no,no,no,no,2,yes,furnished
888643,945,1,1,1,yes,yes,no,yes,yes,3,no,unfurnished
1166030,2281,2,1,1,no,yes,yes,no,yes,0,yes,semi-furnished
1732998,2192,3,4,3,yes,yes,yes,yes,no,1,yes,semi-furnished
1230837,2027,2,3,2,yes,yes,yes,yes,no,0,yes,unfurnished
2330089,3704,5,4,3,yes,no,no,yes,no,2,yes,unfurnished
2510141,4153,6,5,1,yes,yes,yes,yes,no,2,no,unfurnished
3019093,5811,6,5,2,no,yes,no,yes,yes,2,yes,unfurnished
2213264,4605,4,5,1,no,yes,yes,no,no,3,no,furnished
2517670,3662,5,6,4,no,no,no,no,yes,1,yes,furnished
1290945,2520,3,2,3,no,no,yes,no,no,0,yes,furnished
2679721,4241,6,6,2,yes,no,no,no,no,3,no,semi-furnished
2318706,4675,5,5,4,yes,yes,no,yes,no,0,no,furnished
2840309,4710,6,6,1,no,yes,yes,yes,yes,2,yes,unfurnished
1924004,3334,3,4,3,no,no,no,yes,yes,2,yes,semi-furnished
1984240,3439,4,4,1,no,yes,no,yes,yes,1,no,furnished
3081397,5408,7,6,4,no,yes,no,yes,no,3,yes,semi-furnished
2662919,5174,5,5,2,yes,no,yes,no,no,2,yes,semi-furnished
2426251,3904,5,6,3,no,yes,yes,yes,yes,2,no,semi-furnished
1911345,3800,3,4,4,yes,no,yes,no,no,2,yes,furnished
2499531,5129,5,4,4,yes,yes,yes,yes,no,2,yes,furnished
2484952,4895,5,5,1,no,yes,yes,no,no,3,yes,furnished
2777178,4994,6,6,1,no,yes,yes,yes,no,3,no,furnished
3104537,5311,6,6,2,no,no,yes,yes,yes,3,yes,semi-furnished
1838514,2622,4,4,4,no,no,yes,yes,no,3,no,unfurnished
1845539,3036,3,4,2,no,yes,yes,no,no,3,yes,unfurnished
1088477,1382,1,2,1,yes,yes,no,no,yes,1,no,semi-furnished
2704740,5128,5,5,1,yes,no,no,no,yes,2,yes,unfurnished
1849543,4386,4,3,4,no,no,no,yes,no,0,yes,semi-furnished
1412415,1718,2,3,4,no,no,yes,yes,yes,3,yes,semi-furnished
1007411,1921,1,1,1,yes,no,yes,no,yes,0,yes,unfurnished
1155085,1857,2,2,2,yes,yes,yes,no,yes,0,no,unfurnished
2186864,4237,4,5,1,yes,no,yes,yes,no,1,yes,furnished
2194068,4054,4,3,3,yes,yes,yes,yes,yes,1,yes,semi-furnished
991528,1482,1,1,2,yes,no,no,yes,yes,1,yes,semi-furnished
997514,2022,1,1,3,yes,no,yes,no,yes,0,no,unfurnished
1746987,3622,3,2,2,no,no,no,yes,yes,2,yes,unfurnished
3431603,5768,8,6,2,no,yes,no,no,yes,2,yes,unfurnished
2502327,4277,5,6,2,yes,yes,yes,yes,no,1,no,furnished
805135,1250,1,1,3,no,no,yes,yes,no,1,yes,furnished
3071938,5499,6,6,3,yes,no,no,yes,no,2,yes,furnished
1657924,3313,4,3,2,yes,yes,yes,no,no,1,no,unfurnished
976238,1129,1,1,2,yes,yes,yes,yes,yes,1,yes,furnished
808003,1240,1,2,4,no,yes,yes,yes,no,1,yes,semi-furnished
2913664,5322,6,6,2,no,no,yes,no,no,3,yes,semi-furnished
2541983,4062,6,6,4,yes,no,yes,no,no,0,no,unfurnished
1472045,1851,3,4,2,no,no,no,no,no,2,no,unfurnished
2103071,4539,4,4,2,no,yes,yes,yes,yes,0,no,semi-furnished
2409350,4006,5,6,3,no,no,no,yes,no,0,yes,semi-furnished
962632,1930,1,1,3,no,no,no,yes,no,3,yes,furnished
799360,882,1,2,1,yes,no,no,yes,no,1,yes,furnished
1233305,1356,2,3,4,no,yes,yes,no,yes,3,no,unfurnished
2521105,4701,6,6,4,no,no,yes,yes,no,1,no,unfurnished
2470386,3860,5,5,1,yes,no,yes,yes,yes,3,no,unfurnished
1959124,4130,4,3,3,yes,yes,yes,no,yes,0,no,unfurnished
1044067,2120,1,1,2,yes,no,no,no,yes,1,yes,semi-furnished
1614671,3694,3,3,1,no,yes,yes,no,no,0,yes,furnished
867052,659,1,2,1,yes,yes,yes,no,no,3,no,semi-furnished
2067500,4118,5,5,3,no,yes,no,no,no,0,no,semi-furnished
982379,625,1,2,4,yes,yes,yes,no,yes,2,no,unfurnished
3015932,5997,7,6,4,yes,yes,no,yes,no,0,no,unfurnished
1933478,2513,4,4,4,yes,no,no,no,yes,3,no,unfurnished
1475357,1772,3,4,1,yes,no,yes,no,no,1,no,furnished
2458714,5029,5,4,2,yes,yes,yes,no,yes,1,no,semi-furnished
1822874,2405,4,4,4,yes,yes,no,yes,no,1,yes,unfurnished
2477207,3688,5,6,4,no,yes,yes,no,yes,2,yes,furnished
2284340,3387,5,6,2,yes,no,yes,no,no,0,no,furnished
2738404,4987,5,5,4,no,no,yes,yes,yes,3,yes,unfurnished
1345535,3188,2,2,2,no,no,yes,no,yes,0,no,semi-furnished
1425190,1611,2,3,4,yes,no,no,no,yes,2,yes,unfurnished
1950479,2443,4,5,1,yes,no,no,no,yes,0,no,semi-furnished
2523242,4478,5,5,4,yes,no,no,yes,no,0,yes,semi-furnished
2660903,5354,5,6,3,no,yes,yes,no,no,2,yes,furnished
1539574,2202,3,4,1,no,yes,yes,no,no,1,yes,furnished
2090558,4481,4,3,1,no,no,yes,no,yes,0,yes,furnished
2429817,4602,5,6,2,no,yes,no,no,no,3,no,furnished
968877,1555,1,1,4,yes,yes,no,no,yes,1,no,semi-furnished
2407978,4152,5,6,2,yes,no,yes,yes,no,0,no,unfurnished
2749821,4942,6,5,1,yes,yes,yes,yes,yes,3,no,furnished
1332884,1655,3,2,2,yes,no,yes,yes,yes,2,no,unfurnished
2574005,4065,6,5,2,no,yes,no,no,yes,3,no,unfurnished
3056881,5565,7,6,2,yes,yes,yes,yes,yes,1,no,furnished
2858573,5532,7,6,3,no,yes,no,yes,no,2,no,unfurnished
1830171,3877,4,3,3,no,yes,yes,yes,no,1,no,unfurnished
3123891,5906,8,6,2,no,yes,no,no,no,0,yes,furnished
1323334,1620,3,2,4,yes,no,yes,no,no,2,yes,furnished
703862,680,1,1,2,no,yes,yes,yes,no,3,yes,unfurnished
2849344,5287,6,6,3,yes,yes,yes,no,no,1,no,unfurnished
3080682,4955,7,6,4,no,yes,no,yes,yes,1,yes,semi-furnished
1387388,2790,2,3,3,yes,no,no,yes,no,2,no,unfurnished
1705972,2859,3,4,2,no,yes,no,no,no,0,yes,furnished
1116887,2566,2,1,1,yes,no,no,yes,no,1,no,semi-furnished
3000591,4961,7,6,4,yes,yes,yes,no,no,1,yes,unfurnished
1435777,1980,3,4,2,yes,yes,no,yes,no,0,no,semi-furnished
929865,1996,2,1,3,yes,yes,no,no,no,2,no,furnished
3399279,5770,8,6,2,no,yes,no,no,yes,2,yes,unfurnished
1971366,3291,4,4,1,yes,no,yes,no,no,0,yes,semi-furnished
1212880,2218,1,2,2,no,yes,no,yes,yes,2,yes,semi-furnished
2155725,3666,4,4,4,yes,no,yes,no,no,1,yes,semi-furnished
2264725,4155,4,4,2,yes,yes,no,yes,yes,3,no,unfurnished
961333,858,1,2,2,no,no,yes,no,no,3,yes,semi-furnished
2421077,3875,5,6,4,yes,yes,yes,yes,yes,1,no,unfurnished
1366125,2537,2,3,3,no,yes,no,no,no,2,no,furnished
2164568,4113,4,5,2,yes,yes,no,yes,no,1,no,furnished
1440298,1444,2,3,2,yes,yes,yes,yes,yes,3,yes,semi-furnished
1075153,1797,2,1,2,yes,yes,no,no,no,1,yes,semi-furnished
2274095,4525,4,5,4,yes,no,yes,no,no,2,no,unfurnished
1621136,2623,3,2,2,yes,yes,yes,no,yes,2,no,semi-furnished
891142,1425,1,1,3,no,no,no,no,yes,0,yes,unfurnished
1075095,1667,2,2,3,no,yes,no,yes,no,0,yes,furnished
2515268,5530,5,4,2,yes,no,yes,yes,no,2,no,furnished
681008,1858,1,1,2,no,no,no,no,no,0,no,furnished
2769960,4032,6,6,1,yes,no,yes,no,yes,0,yes,unfurnished
2728843,4655,6,6,1,yes,no,no,no,no,2,yes,furnished
1262501,1910,3,2,1,no,no,no,yes,no,2,yes,furnished
905280,973,2,1,3,yes,yes,no,yes,no,0,yes,furnished
934191,1551,1,2,3,no,no,yes,no,yes,3,no,semi-furnished
3067139,5727,6,6,2,no,yes,no,yes,yes,3,no,unfurnished
3060315,5550,7,6,4,yes,no,no,yes,no,1,no,furnished
2476306,4154,5,4,4,yes,no,yes,no,yes,1,yes,unfurnished
1515636,2077,3,3,1,no,yes,yes,no,yes,0,yes,furnished
1723172,2609,3,4,4,yes,yes,yes,yes,no,3,yes,furnished
2780493,5879,6,5,2,yes,no,yes,yes,yes,0,no,unfurnished
1227674,2257,1,1,4,yes,no,no,no,yes,1,yes,unfurnished
2231182,2791,4,5,1,yes,yes,yes,no,yes,3,yes,furnished
492151,796,1,1,4,yes,no,no,yes,no,0,no,furnished
1411382,2439,2,2,3,yes,no,yes,no,yes,0,yes,furnished
2633568,4945,6,6,2,no,yes,no,no,no,0,no,semi-furnished
2327558,3623,4,5,1,yes,yes,yes,no,yes,3,no,unfurnished
830886,1151,1,2,4,no,yes,yes,no,yes,1,no,semi-furnished
2427204,4648,5,5,4,no,yes,yes,no,no,3,no,unfurnished
1653674,2485,3,2,4,yes,yes,yes,no,yes,1,yes,semi-furnished
1822003,4482,4,3,1,no,no,yes,no,no,1,no,furnished
1396809,2439,2,3,2,yes,yes,no,yes,no,2,yes,unfurnished
2834727,5364,5,5,2,yes,yes,no,yes,yes,1,yes,furnished
2031147,4011,4,3,4,yes,no,no,no,no,3,yes,semi-furnished
1059422,1877,1,2,1,yes,yes,yes,no,no,3,no,unfurnished
1783939,3107,4,3,4,yes,no,yes,no,yes,1,no,unfurnished
1140254,2393,2,1,1,no,no,no,no,no,1,yes,semi-furnished
2205468,4075,4,4,1,yes,yes,no,no,yes,1,no,furnished
1003018,1472,1,1,1,no,yes,yes,yes,yes,2,yes,unfurnished
1145188,967,2,2,1,yes,no,yes,no,yes,2,no,semi-furnished
1405448,2196,2,2,3,yes,yes,no,no,yes,1,yes,unfurnished
2852759,4507,6,5,3,yes,yes,no,yes,yes,1,yes,unfurnished
1404551,1753,3,2,3,no,yes,no,no,no,3,yes,unfurnished
1814171,3775,3,2,1,yes,no,yes,yes,yes,2,yes,semi-furnished
2364793,4325,5,4,3,yes,yes,no,no,no,0,yes,furnished
2444545,4374,5,5,3,no,yes,yes,no,yes,2,no,semi-furnished
3052867,5676,8,6,4,no,no,no,yes,no,3,no,unfurnished
3101591,5684,8,6,2,yes,yes,yes,no,no,1,no,furnished
2128802,3780,4,5,1,no,no,no,no,yes,0,yes,unfurnished
1726154,3851,4,3,4,no,yes,no,no,no,1,no,furnished
2460890,4323,4,5,2,no,yes,yes,no,yes,3,yes,semi-furnished
2157842,4478,4,3,2,yes,no,no,no,yes,0,yes,furnished
1812680,3918,3,3,4,no,yes,no,yes,yes,0,no,semi-furnished
1162798,3032,2,1,3,no,no,no,yes,no,2,no,furnished
2248161,5491,5,4,2,no,no,yes,yes,no,1,no,semi-furnished
2359789,3929,4,5,1,no,yes,no,yes,yes,1,yes,semi-furnished
2762292,5073,5,6,4,yes,no,yes,yes,yes,2,no,furnished
1666608,3114,4,3,4,no,no,no,no,no,3,no,furnished
2431653,4358,5,5,2,yes,no,no,no,no,2,yes,furnished
1018546,1334,2,1,4,yes,no,yes,no,yes,2,no,furnished
2696530,4324,6,6,1,yes,no,yes,no,no,3,no,furnished
1895000,2434,4,4,3,no,no,no,yes,yes,3,yes,furnished
1145560,1856,2,3,3,no,yes,no,yes,no,1,no,furnished
2193816,4115,4,5,4,yes,no,no,yes,no,1,yes,unfurnished
2274424,4730,4,5,4,no,yes,no,yes,yes,0,yes,semi-furnished
3396234,5751,8,6,1,yes,no,yes,yes,no,2,yes,furnished
1546754,2416,3,2,2,no,no,yes,no,yes,1,yes,unfurnished
945198,1447,1,1,1,yes,yes,no,no,yes,0,yes,semi-furnished
1166744,2303,2,1,4,yes,no,yes,no,yes,1,no,semi-furnished
3173157,5790,7,6,2,no,yes,yes,yes,yes,2,no,semi-furnished
3062791,5515,7,6,2,no,yes,yes,yes,yes,1,yes,semi-furnished
1109231,2377,1,1,2,yes,yes,yes,no,no,3,yes,furnished
2999121,5117,7,6,4,no,no,no,yes,no,1,yes,unfurnished
1575652,2902,3,2,3,yes,yes,no,no,no,3,no,semi-furnished
1092919,1481,2,2,4,yes,no,no,yes,no,1,yes,unfurnished
2877568,5407,6,6,3,no,yes,yes,yes,no,3,yes,semi-furnished
1011311,1195,1,2,3,no,yes,no,yes,yes,2,yes,unfurnished
1526068,2351,2,3,3,yes,yes,no,no,yes,1,yes,unfurnished
2886486,5579,7,6,4,no,no,no,yes,yes,0,no,semi-furnished
1471373,2848,3,2,1,no,yes,no,no,yes,0,no,furnished
2501815,5316,5,5,3,yes,no,yes,yes,no,0,yes,semi-furnished
2638235,4000,6,6,3,no,no,no,yes,no,3,yes,semi-furnished
2552775,4323,5,6,1,no,yes,yes,yes,yes,0,yes,furnished
1960187,4169,4,3,1,yes,no,yes,yes,no,0,yes,furnished
835923,1214,1,1,4,no,yes,yes,no,yes,1,no,furnished
2763364,5385,6,6,4,yes,yes,no,no,no,2,no,furnished
1800421,2761,3,4,1,no,yes,yes,yes,yes,3,yes,furnished
1056969,2370,2,2,2,no,yes,no,yes,no,2,no,unfurnished
2042671,4732,4,3,2,no,no,no,yes,no,1,yes,semi-furnished
1430028,1945,3,3,1,yes,no,yes,yes,yes,0,no,furnished
864172,834,1,2,4,no,no,yes,yes,no,3,yes,furnished
2629119,4713,5,6,3,yes,no,no,no,yes,0,no,unfurnished
1191401,2188,2,1,4,yes,no,no,no,yes,0,yes,furnished
924296,1543,1,1,3,yes,yes,yes,no,yes,3,no,semi-furnished
1682994,2401,4,5,3,no,yes,yes,yes,no,2,no,unfurnished
1026292,1372,1,2,4,no,yes,yes,no,yes,1,yes,semi-furnished
976277,1761,1,2,4,no,no,yes,yes,no,0,yes,unfurnished
890490,679,1,1,4,yes,no,yes,no,yes,0,yes,unfurnished
1488535,2981,2,3,2,yes,yes,yes,no,no,3,no,unfurnished
2756647,5070,6,6,4,no,no,no,yes,no,2,no,unfurnished
2850459,5480,6,5,3,yes,yes,no,yes,yes,2,no,furnished
2857523,5331,7,6,4,no,yes,yes,yes,no,0,no,unfurnished
2592114,5063,6,6,2,no,no,no,no,no,2,no,furnished
3082166,5347,7,6,3,yes,no,no,no,no,0,yes,semi-furnished
1053876,1805,2,3,2,no,yes,no,no,no,0,no,furnished
774211,935,1,1,1,yes,no,no,yes,no,2,yes,furnished
909464,1728,2,2,2,yes,no,yes,yes,no,0,no,furnished
2319926,4476,5,4,4,no,no,yes,no,no,2,yes,unfurnished
2131927,3241,5,4,2,no,yes,no,yes,no,2,yes,semi-furnished
2947309,5747,7,6,2,no,no,yes,yes,no,2,no,semi-furnished
2390668,4103,5,5,4,no,yes,yes,no,yes,1,no,furnished
2465292,4795,5,4,3,yes,no,yes,no,yes,3,no,furnished
801893,1048,1,2,1,no,yes,no,no,no,0,yes,unfurnished
2812618,4784,6,6,1,yes,yes,no,yes,yes,1,no,unfurnished
854519,652,1,2,2,yes,yes,yes,yes,yes,0,yes,furnished
2369719,4480,4,5,4,no,yes,yes,no,no,3,yes,furnished
2195850,2732,4,5,4,yes,no,yes,yes,yes,1,yes,furnished
2496925,5078,5,5,4,no,no,yes,no,no,2,no,semi-furnished
1085587,1479,1,1,4,yes,yes,no,no,yes,3,yes,unfurnished
1182001,879,2,3,4,yes,no,yes,no,no,2,yes,furnished
2432890,4701,6,5,3,no,yes,yes,yes,no,2,no,unfurnished
2103354,2880,4,4,4,yes,no,no,no,yes,2,yes,unfurnished
3244220,5423,7,6,4,yes,yes,yes,yes,yes,0,yes,semi-furnished
2250168,4502,5,4,2,yes,yes,no,no,yes,0,no,furnished
771650,1197,1,1,1,yes,no,yes,no,no,1,yes,furnished
2797424,4623,5,6,3,yes,yes,yes,no,yes,0,yes,unfurnished
674228,1388,1,1,2,yes,no,no,yes,no,1,no,furnished
2809444,5272,6,6,3,no,yes,yes,no,no,3,yes,unfurnished
1341278,1641,3,3,1,yes,no,yes,yes,no,0,yes,semi-furnished
2536490,3798,5,5,1,yes,no,yes,yes,no,3,yes,unfurnished
947953,1508,2,2,3,yes,yes,no,no,no,1,no,furnished
1915940,2273,3,4,3,yes,yes,no,yes,yes,2,yes,semi-furnished
3192877,5617,6,6,4,yes,no,yes,yes,yes,3,yes,unfurnished
2245602,4134,5,5,2,yes,yes,yes,yes,no,0,no,furnished
2184148,3690,5,4,4,no,yes,yes,no,yes,2,no,furnished
2051763,4176,4,3,2,yes,yes,yes,no,yes,0,yes,furnished
885805,1064,1,1,2,no,yes,no,no,yes,2,yes,unfurnished
2493135,4521,6,5,1,yes,no,yes,no,no,1,no,unfurnished
2119464,3605,5,5,2,no,no,yes,yes,no,3,no,semi-furnished
1133476,2267,1,2,2,no,yes,yes,no,yes,0,yes,unfurnished
3079482,5924,7,6,1,no,yes,no,no,no,2,yes,furnished
2950095,5595,6,6,1,no,no,no,yes,yes,1,no,furnished
2653840,4131,6,5,3,yes,no,yes,no,no,1,yes,semi-furnished
3186888,5691,7,6,1,yes,no,no,no,no,2,yes,semi-furnished
1171078,2551,2,1,3,no,yes,yes,no,no,3,yes,unfurnished
1945866,3563,4,5,3,yes,yes,no,no,no,1,no,semi-furnished
2081098,4203,4,4,1,no,no,yes,no,yes,0,no,unfurnished
1542951,3172,2,2,2,no,no,no,no,yes,1,yes,furnished
3013049,5973,6,5,1,yes,yes,no,no,yes,1,yes,unfurnished
1637743,2708,2,3,3,yes,yes,no,yes,yes,3,yes,unfurnished
1191827,2541,2,2,3,no,yes,no,no,yes,0,no,unfurnished
1906906,3344,4,5,3,no,no,yes,yes,no,0,no,furnished
706183,809,1,2,2,no,no,yes,no,yes,1,no,unfurnished
958765,1233,1,2,4,yes,yes,no,no,no,2,yes,unfurnished
1528710,2599,3,2,3,yes,no,no,yes,yes,3,no,semi-furnished
2281150,3483,5,6,1,no,no,yes,no,no,1,yes,unfurnished
2411409,3939,5,6,2,no,no,no,no,yes,0,no,semi-furnished
1673184,1815,3,3,2,yes,no,yes,yes,yes,3,no,unfurnished
2643715,4449,6,5,2,yes,no,yes,yes,yes,1,no,semi-furnished
1268970,1644,2,3,2,no,yes,no,no,yes,0,yes,unfurnished
2615456,4277,5,6,4,no,no,no,yes,yes,0,yes,furnished
2801753,5458,6,6,4,no,no,no,yes,no,0,yes,semi-furnished
2002543,3394,3,4,4,no,no,no,no,yes,1,yes,unfurnished
1306068,2325,2,3,3,no,yes,no,no,yes,0,no,semi-furnished
2068452,4195,4,3,3,no,yes,yes,no,yes,0,yes,unfurnished
958745,1983,1,2,1,yes,yes,no,yes,no,1,no,unfurnished
2399786,4244,6,5,4,no,yes,yes,no,no,3,no,furnished
1837452,2881,4,5,1,no,yes,yes,yes,no,1,no,semi-furnished
3242319,5766,8,6,1,no,yes,no,yes,no,1,yes,unfurnished
989913,665,1,1,4,yes,yes,no,no,yes,3,yes,unfurnished
1274317,2915,2,1,1,yes,yes,no,yes,no,1,yes,furnished
1941057,2755,4,4,2,no,no,yes,no,yes,2,no,semi-furnished
2201013,3812,5,5,4,no,yes,yes,yes,no,3,no,semi-furnished
2052404,4080,4,3,4,no,yes,no,no,yes,3,no,unfurnished
1259994,2523,2,2,3,yes,no,yes,no,no,2,no,semi-furnished
2342955,4083,5,5,1,no,no,yes,no,yes,2,no,semi-furnished
2979389,5289,5,6,2,yes,no,yes,yes,yes,3,yes,unfurnished
2056030,3489,5,4,1,yes,no,yes,yes,no,1,no,furnished
1950910,3315,4,3,2,yes,yes,yes,yes,no,3,yes,furnished
1092481,3069,2,1,2,yes,no,yes,no,no,1,no,furnished
1088351,1205,2,3,4,yes,yes,yes,yes,no,1,no,semi-furnished
2576059,4797,6,5,3,no,no,yes,yes,no,3,no,semi-furnished
965097,1362,1,1,3,no,no,yes,no,yes,3,no,semi-furnished
2862420,5077,7,6,4,yes,yes,no,yes,no,2,no,unfurnished
3151395,5865,7,6,2,yes,yes,yes,yes,no,1,yes,furnished
3141264,5650,7,6,2,yes,no,no,no,no,2,yes,furnished
2897405,5231,7,6,1,no,yes,no,no,no,1,no,semi-furnished
2956202,4556,6,6,1,yes,no,yes,no,yes,0,yes,unfurnished
1170515,1595,1,1,4,yes,yes,no,no,yes,3,yes,unfurnished
2300573,4025,5,4,3,yes,no,no,no,no,2,yes,furnished
2956934,4886,7,6,3,no,no,no,yes,no,1,yes,unfurnished
2488519,4481,4,4,4,yes,yes,no,yes,yes,2,yes,furnished
1371081,1368,2,2,3,yes,yes,no,yes,yes,2,yes,semi-furnished
558656,715,1,1,3,no,no,no,no,no,1,yes,unfurnished
991191,1443,2,1,3,yes,no,yes,yes,no,2,no,unfurnished
2100801,4478,4,3,1,yes,yes,yes,yes,yes,1,no,furnished
743724,1237,1,1,4,no,no,no,no,yes,1,no,semi-furnished
2689696,4486,5,5,3,yes,yes,yes,no,yes,3,no,semi-furnished
1649096,2652,4,3,4,no,yes,yes,no,no,2,no,furnished
2584667,5185,5,5,3,yes,yes,yes,no,no,1,yes,unfurnished
1906818,3290,3,3,3,yes,no,yes,no,no,3,yes,unfurnished
1977831,2672,3,4,1,yes,no,no,no,yes,3,yes,furnished
1196757,836,2,3,2,yes,yes,yes,no,yes,0,no,unfurnished
995489,1110,1,1,3,yes,yes,no,no,yes,2,yes,unfurnished
2664027,4010,6,6,1,yes,yes,yes,no,yes,1,no,furnished
2674243,5585,5,6,4,yes,yes,no,no,no,0,no,semi-furnished
1197636,1305,2,2,1,yes,yes,yes,yes,yes,2,yes,furnished
1843631,2381,3,3,4,yes,yes,no,yes,yes,2,yes,semi-furnished
1259168,2951,2,2,2,no,no,yes,yes,no,1,yes,semi-furnished
2227200,4201,5,4,4,no,no,no,no,yes,0,no,furnished
2543654,5258,5,6,4,no,no,yes,no,no,0,yes,semi-furnished
2331823,4431,5,4,1,yes,no,yes,no,no,2,no,unfurnished
624128,877,1,2,1,no,yes,yes,no,no,2,no,unfurnished
1087615,2132,2,2,2,no,yes,yes,no,no,3,no,semi-furnished
1731031,2669,4,4,3,no,no,no,yes,yes,0,no,semi-furnished
2853097,5330,6,6,1,yes,yes,no,yes,yes,1,no,furnished
1454556,3133,2,2,4,no,yes,no,yes,yes,1,yes,semi-furnished
536804,1258,1,1,2,no,yes,yes,yes,no,0,no,furnished
928695,1418,1,2,4,yes,no,no,no,yes,0,no,furnished
961443,1693,2,2,3,no,no,yes,no,no,0,yes,unfurnished
1790053,2526,3,3,3,yes,no,yes,yes,yes,3,yes,furnished
1419140,3073,3,2,3,no,yes,no,yes,no,2,no,unfurnished
955330,885,1,1,2,yes,no,yes,no,yes,2,yes,unfurnished
727406,700,1,1,2,no,no,yes,no,no,3,yes,semi-furnished
1898625,2718,4,5,1,no,no,no,no,no,0,yes,semi-furnished
2297229,3741,5,4,2,yes,no,no,yes,no,3,yes,semi-furnished
628958,926,1,1,4,no,yes,no,no,no,2,no,furnished
1303884,2789,2,2,3,no,yes,no,no,no,0,yes,semi-furnished
1143829,899,2,3,4,yes,yes,yes,yes,yes,1,no,semi-furnished
2076962,3429,4,5,2,no,yes,yes,no,no,0,yes,unfurnished
2989472,5824,6,6,1,no,no,no,no,yes,1,no,unfurnished
786853,1249,1,1,2,no,no,yes,yes,no,3,yes,semi-furnished
1520392,2121,2,3,1,no,yes,no,no,yes,3,yes,furnished
2813644,5983,6,6,3,no,no,yes,yes,yes,0,no,furnished
3070237,5608,7,6,4,no,no,no,no,yes,2,no,semi-furnished
2140743,4240,4,4,4,yes,yes,no,no,no,0,yes,unfurnished
2819444,5198,6,5,2,no,no,no,no,no,3,yes,furnished
2474903,5391,5,6,3,no,no,yes,no,no,1,no,unfurnished
2121150,3700,5,4,1,no,yes,yes,yes,no,1,yes,unfurnished
2844977,5106,6,6,2,no,no,no,no,yes,2,no,furnished
2532699,4653,5,5,4,yes,yes,no,no,yes,2,no,unfurnished
1062475,1405,1,2,4,no,no,yes,yes,yes,1,yes,unfurnished
2110641,3948,3,3,2,yes,no,yes,no,yes,3,yes,furnished
2103554,3623,5,4,2,no,yes,no,yes,no,0,yes,furnished
2427140,4377,5,4,4,yes,yes,no,yes,no,1,yes,semi-furnished
930075,1172,1,2,1,no,no,no,yes,no,2,yes,unfurnished
3119858,5900,8,6,1,no,no,yes,no,no,0,no,semi-furnished
2660437,4790,6,6,4,no,yes,yes,yes,no,0,yes,semi-furnished
2924903,5978,7,6,2,no,yes,no,yes,no,0,no,unfurnished
1485501,2604,3,3,3,no,no,no,no,no,0,yes,furnished
1130460,2962,2,1,3,no,no,no,yes,no,3,no,unfurnished
